,Hotel_Name
0,Hotel Arena
1,K K Hotel George
2,Apex Temple Court Hotel
3,The Park Grand London Paddington
4,Monhotel Lounge SPA
5,Kube Hotel Ice Bar
6,The Principal London
7,Park Plaza County Hall London
8,One Aldwych
9,Splendid Etoile
10,Hotel Trianon Rive Gauche
11,InterContinental London Park Lane
12,Novotel Suites Paris Nord 18 me
13,Grand Royale London Hyde Park
14,Milestone Hotel Kensington
15,Crowne Plaza London Kings Cross
16,Select Hotel
17,H tel De Vend me
18,Pullman Paris Centre Bercy
19,Gardette Park Hotel
20,Hotel Panache
21,H tel des Ducs D Anjou
22,Hotel Scribe Paris Opera by Sofitel
23,Novotel London West
24,Haymarket Hotel
25,Intercontinental London The O2
26,H tel Juliana Paris
27,Hotel L Antoine
28,Belfast
29,Shangri La Hotel Paris
30,Mercure Paris Tour Eiffel Pont Mirabeau
31,Knightsbridge Hotel
32,The London EDITION
33,The Cranley Hotel
34,Hotel Le 10 BIS
35,The Nadler Soho
36,Grange St Paul s Hotel
37,The Ampersand Hotel
38,Covent Garden Hotel
39,The Nadler Victoria
40,Novotel London Tower Bridge
41,Crowne Plaza Paris R publique
42,Le Metropolitan a Tribute Portfolio Hotel
43,Atala Champs Elys es
44,H tel de Jos phine BONAPARTE
45,Maison Souquet
46,Hotel Tour d Auvergne Opera
47,Le Senat
48,Windsor Opera
49,Holiday Inn Paris Montparnasse Pasteur
50,H tel Keppler
51,Les Plumes Hotel
52,Hotel des Tuileries Relais du Silence
53,Bradford Elys es Astotel
54,W London Leicester Square
55,The Victoria
56,Pullman London St Pancras
57,Crowne Plaza London Kensington
58,Doubletree by Hilton London Kensington
59,Ace Hotel London Shoreditch
60,Staybridge Suites London Vauxhall
61,The Grosvenor
62,The Park Tower Knightsbridge a Luxury Collection Hotel
63,Amp re
64,Melia Paris Champs Elys es
65,Le Parisis Paris Tour Eiffel
66,Thistle Kensington Gardens
67,Park Plaza Sherlock Holmes London
68,Hilton Paris Opera
69,The Kensington Hotel
70,Holiday Inn London Stratford City
71,Staybridge Suites London Stratford
72,Shepherd s Bush Boutique Hotel
73,My Bloomsbury
74,Holiday Inn Paris Gare de Lyon Bastille
75,H tel Chaplain Paris Rive Gauche
76,H tel Regina Op ra Grands Boulevards
77,11 Cadogan Gardens
78,The Wellesley Knightsbridge a Luxury Collection Hotel London
79,Hotel Astor Saint Honor 
80,Op ra Marigny
81,H tel Diva Opera
82,Le Marcel
83,H tel Duo
84,H tel Le Marianne
85,The Rembrandt
86,Hotel Eden
87,H tel de la Bourdonnais
88,Ashburn Hotel
89,Marlin Waterloo
90,Best Western Premier Marais Grands Boulevards
91,Novotel London Waterloo
92,The Athenaeum
93,Park International Hotel
94,Lansbury Heritage Hotel
95,Le Dokhan s a Tribute Portfolio Hotel
96,Le Relais Madeleine
97,Terrass H tel Montmartre by MH
98,Millennium Hotel Paris Opera
99,Waldorf Madeleine
100,Batty Langley s
101,Best Western Mornington Hotel Hyde Park
102,Arbor City
103,Hotel La Lanterne
104,H tel Square Louvois
105,Hotel Marignan Champs Elys es
106,Le Grey Hotel
107,Le Pavillon des Lettres
108,H tel San R gis
109,Garden Elys e
110,Hotel Louvre Montana
111,Ambassadors Bloomsbury
112,Le 123 S bastopol Astotel
113,Le 123 Elysees Astotel
114,The Bryson Hotel
115,Best Western Mercedes Arc de Triomphe
116,London Marriott Hotel Regents Park
117,Hilton London Hyde Park
118,Staunton Hotel B B
119,1K Hotel
120,H tel Westminster
121,L H tel
122,Mercure Paris Porte d Orleans
123,Maxim Op ra
124,Le Marceau Bastille
125,Hotel Odeon Saint Germain
126,Mercure London Bloomsbury Hotel
127,The Chamberlain
128,Radisson Blu Edwardian Grafton
129,La Villa Haussmann
130,London Marriott Hotel Marble Arch
131,Saint Georges Hotel
132,Park Grand London Lancaster Gate
133,The Henrietta Hotel
134,Sofitel Paris Arc De Triomphe
135,Hotel Mercure La Sorbonne Saint Germain des Pr s
136,La Tremoille Paris
137,Hotel Op ra Richepanse
138,H tel Duc De St Simon
139,Hotel Le Six
140,The Bailey s Hotel London
141,London Marriott Hotel Park Lane
142,Best Western Premier Louvre Saint Honor 
143,Hotel Indigo London Tower Hill
144,Windermere Hotel
145,La Villa Maillot
146,H tel Madison by MH
147,Mercure London Paddington Hotel
148,Hilton London Paddington
149,London Marriott Hotel Kensington
150,Kensington House Hotel
151,Charlotte Street Hotel
152,The Goring
153,Novotel Paris 14 Porte d Orl ans
154,The Pelham Starhotels Collezione
155,The Montague On The Gardens
156,Ritz Paris
157,Hotel Les Rives de Notre Dame
158,Sofitel Paris Le Faubourg
159,Bassano
160,Best Western Premier Le Swann
161,H tel des Academies et des Arts
162,Hotel Lumen Paris Louvre
163,Le Marquis Eiffel
164,COQ Hotel Paris
165,Mill sime H tel
166,The Leonard Hotel
167,DoubleTree by Hilton London Hyde Park
168,The Ritz London
169,M by Montcalm Shoreditch London Tech City
170,Legend Saint Germain by Elegancia
171,Clayton Crown Hotel London
172,Au Manoir Saint Germain
173,St Paul s Hotel
174,Best Western S vres Montparnasse
175,The Bloomsbury Hotel
176,Nolinski Paris
177,Le Tourville Eiffel
178,Paris Marriott Opera Ambassador Hotel
179,Hotel Indigo London Paddington
180,Idol Hotel
181,H tel California Champs Elys es
182,Hotel de Seze
183,Number Sixteen
184,Hotel Xenia Autograph Collection
185,H tel Hor
186,Britannia International Hotel Canary Wharf
187,Best Western Op ra Batignolles
188,H tel de Banville
189,Villa Eugenie
190,Hilton London Euston
191,Egerton House
192,Millennium Hotel London Knightsbridge
193,H tel Raphael
194,Le 7 Eiffel Hotel
195,Paris Marriott Rive Gauche Hotel
196,Hotel La Place
197,Hotel Le Pera
198,H tel Bedford
199,Drawing Hotel
200,Novotel Paris Centre Gare Montparnasse
201,D clic Hotel
202,Villa d Estr es
203,Bulgari Hotel London
204,Novotel London Greenwich
205,Park Avenue Baker Street
206,Hotel Plaza Elys es
207,Hotel Champs Elys es Friedland by Happyculture
208,Malmaison London
209,The Park City Grand Plaza Kensington Hotel
210,Park Plaza London Riverbank
211,Pullman Paris Tour Eiffel
212,Danubius Hotel Regents Park
213,Hotel Bachaumont
214,Franklin Roosevelt
215,H tel Horset Op ra Best Western Premier Collection
216,Best Western Paris Gare Saint Lazare
217,Splendide Royal Paris
218,The Rockwell
219,The LaLit London
220,Mercure Paris Alesia
221,Courthouse Hotel London
222,Best Western The Boltons Hotel London Kensington
223,Radisson Blu Edwardian Sussex
224,Hotel The Peninsula Paris
225,Le Narcisse Blanc Spa
226,The Pillar Hotel
227,Crowne Plaza London The City
228,H tel Les Dames du Panth on
229,H tel Victor Hugo Paris Kl ber
230,Grand Hotel Saint Michel
231,Hotel Maison Ath n e
232,Relais Du Louvre
233,Pullman Paris Montparnasse
234,Best Western Ducs de Bourgogne
235,Best Western Premier Op ra Opal
236,Amarante Champs Elys es
237,The Gore Hotel Starhotels Collezione
238,The Hoxton Holborn
239,Mercure London Kensington Hotel
240,Royal Garden Hotel
241,Boundary Rooms Suites
242,H tel Ad le Jules
243,Grange White Hall Hotel
244,Hilton London Bankside
245,DoubleTree by Hilton London Ealing
246,Molitor Paris MGallery by Sofitel
247,First Hotel Paris Tour Eiffel
248,DoubleTree by Hilton London Victoria
249,St Ermin s Hotel Autograph Collection
250,Montagu Place Hotel
251,H tel Regina
252,Mercure Paris Gare De Lyon TGV
253,Villa Montparnasse
254,H tel des Champs Elys es
255,Lyric H tel Paris
256,Hotel Design Secret de Paris
257,Hotel Dupond Smith
258,Okko Hotels Paris Porte De Versailles
259,La Villa Royale
260,Hotel Indigo Paris Opera
261,Villa Opera Drouot
262,Novotel Paris Gare De Lyon
263,H tel Belloy Saint Germain By Happyculture
264,Hotel Louis 2
265,InterContinental Paris Le Grand
266,The Trafalgar Hilton
267,Park Lane Mews Hotel
268,Old Ship Inn Hackney
269,The Drayton Court Hotel
270,The Montcalm Marble Arch
271,The Colonnade
272,The Royal Horseguards
273,Grange Fitzrovia Hotel
274,H tel Le M
275,The Hari London
276,citizenM London Bankside
277,Radisson Blu Edwardian Mercer Street
278,Twenty Nevern Square Hotel
279,The Abbey Court Notting Hill
280,Seven Hotel
281,Platine Hotel Spa
282,Mercure Paris Gare Montparnasse
283,Mercure Paris Notre Dame Saint Germain des Pr s
284,Mercure Paris Centre Tour Eiffel
285,Banke H tel
286,Mondrian London
287,Karma Sanctum Soho Hotel
288,NH London Kensington
289,Saint James Albany Paris Hotel Spa
290,Mercure Paris Montparnasse Raspail
291,Golden Tulip Bercy Gare de Lyon 209
292,Montfleuri
293,Simply Rooms Suites
294,Mercure Paris Pigalle Sacre Coeur
295,The Academy
296,Le Meridien Piccadilly
297,Mercure Paris Terminus Nord
298,H tel F licien by Elegancia
299,Le Lavoisier
300,H tel Moli re
301,Vice Versa
302,The Kings Head Hotel
303,H tel Etoile Saint Honor by Happyculture
304,Hotel Le petit Paris
305,Mercure Paris 19 Philharmonie La Villette
306,Royal Garden Champs Elysees
307,H tel Brighton Esprit de France
308,H tel Paris Bastille Boutet MGallery by Sofitel
309,Montcalm Royal London House City of London
310,Conrad London St James
311,L Edmond H tel
312,Novotel Suites Paris Montreuil Vincennes
313,London Marriott Hotel West India Quay
314,London Hilton on Park Lane
315,Radisson Blu Portman Hotel London
316,H tel France d Antin Op ra
317,Hotel Stendhal Place Vend me Paris MGallery by Sofitel
318,H tel De Buci by MH
319,Hotel Parc Saint Severin Esprit de France
320,Hotel Chavanel
321,The Portobello Hotel
322,Royal Saint Honore
323,Landmark London
324,Hilton London Metropole
325,Best Western Seraphine Kensington Olympia
326,Portobello House
327,Le Meurice
328,Maison Albar Hotel Paris C line
329,Henry VIII
330,Goodenough Club
331,Holiday Inn Paris Montmartre
332,Hotel Pulitzer Paris
333,Hotel Vignon
334,London Suites
335,H tel Aiglon Esprit de France
336,Sansi Diputacio
337,Park Plaza Victoria London
338,Grange Beauchamp Hotel
339,The Franklin Hotel Starhotels Collezione
340,Club Quarters Hotel St Paul s
341,Hotel Elys es Bassano
342,Hotel Opera Cadet
343,Phileas Hotel
344,Holiday Inn Paris Elys es
345,H tel Beauchamps
346,Best Western Nouvel Orl ans Montparnasse
347,Hotel Plaza Athenee Paris
348,Mercure Paris Place d Italie
349,The Nadler Kensington
350,H tel Da Vinci Spa
351,XO Hotel
352,H tel Vernet
353,Mandarin Oriental Paris
354,Rosewood London
355,Novotel Paris Vaugirard Montparnasse
356,Mayflower Hotel Apartments
357,Caesar Hotel
358,Hotel Xanadu
359,Draycott Hotel
360,DoubleTree by Hilton London Docklands Riverside
361,Bentley London
362,Mercure Paris Arc de Triomphe Etoile
363,Park Grand Paddington Court
364,The One Barcelona GL
365,The Zetter Townhouse Marylebone
366,Forest Hill Paris la Villette
367,The Levin Hotel
368,The Tophams Hotel
369,Le Pavillon de la Reine Spa
370,Hidden Hotel by Elegancia
371,Le Roch Hotel Spa
372,H10 London Waterloo
373,San Domenico House
374,Bloomsbury Palace Hotel
375,Hotel du Petit Moulin
376,Hotel Atmospheres
377,H tel La Comtesse by Elegancia
378,Hotel Astra Opera Astotel
379,Hotel La Villa Saint Germain Des Pr s
380,Grand Pigalle Hotel
381,Innkeeper s Lodge London Greenwich
382,Morgan Mees
383,Hotel Duminy Vendome
384,Maison Albar H tel Paris Champs Elys es ex Mac Mahon 
385,Holiday Inn London Mayfair
386,H tel Recamier
387,TRYP Paris Op ra
388,Royal Saint Michel
389,Paddington Court Executive Rooms
390,Novotel London Paddington
391,Hyatt Regency Paris Etoile
392,Relais Saint Jacques
393,Hotel Cambon
394,Mercure Paris Montmartre Sacr Coeur
395,Relais Christine
396,Les Matins de Paris Spa
397,Hotel Square
398,H tel Bourgogne Montana by MH
399,The Westin Paris Vend me
400,Hotel Montalembert
401,H tel Mathis Elys es
402,Le Saint Hotel Paris
403,Hotel Le Squara
404,L Hotel Pergol se Paris
405,H tel Mayfair Paris
406,Best Western Plus de Neuville Arc de Triomphe
407,South Place Hotel
408,The Royal Park Hotel
409,Holiday Inn Paris Op ra Grands Boulevards
410,Henley House Hotel
411,Holiday Inn London Camden Lock
412,DoubleTree by Hilton London Westminster
413,Blakemore Hyde Park
414,Hyatt Regency London The Churchill
415,Rathbone
416,Le Belmont Champs Elys es
417,Duret
418,H tel Elysees Mermoz
419,Majestic Hotel Spa
420,BoB Hotel by Elegancia
421,Comfort Inn Suites Kings Cross St Pancras
422,The Queens Gate Hotel
423,Grange Langham Court Hotel
424,Radisson Blu Edwardian Hampshire
425,Four Seasons Hotel George V Paris
426,The Marble Arch London
427,H tel Fabric
428,H tel du Minist re
429,Shangri La Hotel at The Shard London
430,Hotel Les Bulles De Paris
431,Acad mie H tel Saint Germain
432,Plaza Tour Eiffel
433,Park Grand London Kensington
434,Rocco Forte Brown s Hotel
435,Royal Hotel Champs Elys es
436,Best Western Allegro Nation
437,Prince de Galles a Luxury Collection hotel Paris
438,The Beaufort
439,H tel La Parizienne by Elegancia
440,Madeleine Plaza
441,Blakes Hotel
442,Castille Paris Starhotels Collezione
443,H tel D Aubusson
444,Hotel Oscar
445,Best Western Bretagne Montparnasse
446,The Westbridge Hotel
447,Courthouse Hotel Shoreditch
448,ME London by Melia
449,Grange Clarendon Hotel
450,Hotel Indigo London Kensington
451,Novotel Paris 17
452,Rafayel Hotel Spa
453,Norfolk Towers Paddington
454,Artus Hotel by MH
455,Best Western Premier Kapital Op ra
456,Timhotel Op ra Blanche Fontaine
457,H tel Amastan Paris
458,H tel Gustave
459,Best Western Maitrise Hotel Edgware Road
460,Georgian House Hotel
461,Best Western Tour Eiffel Invalides
462,The Chesterfield Mayfair
463,My Chelsea
464,Eiffel Trocad ro
465,Hotel Saint Petersbourg Opera
466,H tel Champs lys es Plaza
467,Melia Paris Tour Eiffel
468,Timhotel Op ra Grands Magasins
469,Dukes Hotel
470,Radisson Blu Edwardian Berkshire
471,Pestana Chelsea Bridge Hotel Spa
472,Arbor Hyde Park
473,Mercure Paris Porte De Versailles Expo
474,Great St Helen Hotel
475,Hotel Whistler
476,Hotel Georgette
477,Westside Arc de Triomphe Hotel
478,Etoile Saint Ferdinand
479,H tel Saint Marc
480,United Lodge Hotel and Apartments
481,H tel Le Walt
482,H tel Le Royal Monceau Raffles Paris
483,Eccleston Square Hotel
484,Nottingham Place Hotel
485,Hotel Claridge Paris
486,Strand Palace Hotel
487,H tel L Echiquier Op ra Paris MGallery by Sofitel
488,H tel De Castiglione
489,Hilton London Olympia
490,Grange Buckingham Hotel
491,The Cleveland
492,Dorset Square Hotel
493,Edouard 7 Paris Op ra
494,Renaissance Paris Arc de Triomphe Hotel
495,Rubens At The Palace
496,every hotel Piccadilly
497,Millennium Gloucester Hotel London
498,Novotel Suites Paris Expo Porte de Versailles
499,K K H tel Cayr Saint Germain des Pr s
500,Fielding Hotel
501,DoubleTree by Hilton Hotel London Marble Arch
502,Holiday Inn London West
503,The Soho Hotel
504,Le Grand H tel de Normandie
505,Monsieur Cadet Hotel Spa Ex Meyerhold Spa 
506,H tel de La Tamise Esprit de France
507,Buddha Bar Hotel Paris
508,Le A
509,Holiday Inn Paris Notre Dame
510,Mercure Paris Opera Garnier
511,Maison Albar Hotel Paris Op ra Diamond
512,Grand H tel Du Palais Royal
513,Best Western Aulivia Op ra
514,Renaissance Paris Vendome Hotel
515,Hotel Park Lane Paris
516,Little Palace Hotel
517,Napoleon Paris
518,Andaz London Liverpool Street
519,Novotel London Canary Wharf
520,H tel de Lille
521,H tel Concorde Montparnasse
522,Suites H tel Helzear Montparnasse
523,Renaissance Paris Republique Hotel Spa
524,citizenM Tower of London
525,Chiswick Rooms
526,Claridge s
527,La Suite West Hyde Park
528,St James Court A Taj Hotel London
529,Elys es R gencia
530,H tel De Sers Champs Elys es Paris
531,Hotel le Lapin Blanc
532,41
533,Shaftesbury Suites London Marble Arch
534,Grange Strathmore Hotel
535,H tel R de Paris Boutique Hotel
536,Villa Panth on
537,Trinit Haussmann
538,The RE London Shoreditch
539,London City Suites
540,H tel Crayon Rouge by Elegancia
541,Mercure Paris Opera Grands Boulevards
542,St George s Hotel Wembley
543,Hotel Le Saint Gregoire
544,Le Mathurin Hotel Spa
545,H tel Saint Paul Rive Gauche
546,The Justin James Hotel
547,Millennium Hotel London Mayfair
548,H tel de Varenne
549,A La Villa Madame
550,The Curtain
551,45 Park Lane Dorchester Collection
552,Grange Tower Bridge Hotel
553,Le Tsuba Hotel
554,St Martins Lane A Morgans Original
555,H tel Barri re Le Fouquet s
556,Novotel London Blackfriars
557,Hotel Villa Lafayette Paris IX
558,Canary Riverside Plaza Hotel
559,The Marylebone Hotel
560,L Empire Paris
561,The Zetter Townhouse Clerkenwell
562,The Whitechapel
563,Suites H tel Helzear Champs Elys es
564,St George Hotel
565,Best Western Premier Op ra Faubourg Ex Hotel Jules 
566,Pershing Hall
567,The Premier Notting Hill
568,H tel Pont Royal
569,Le G n ral H tel
570,H tel Th r se
571,Best Western Premier Trocadero La Tour
572,Holiday Inn London Whitechapel
573,Washington Mayfair Hotel
574,Radisson Blu Edwardian New Providence Wharf
575,Hilton London Tower Bridge
576,Novotel London Wembley
577,Le Relais M dicis
578,Les Jardins De La Villa Spa
579,Warwick Paris Former Warwick Champs Elysees 
580,Park Hyatt Paris Vendome
581,My Home In Paris
582,Mercure Paris Op ra Faubourg Montmartre
583,Best Western Plus Elys e Secret
584,Villa Beaumarchais
585,H tel Mansart Esprit de France
586,Holiday Inn Paris Gare de l Est
587,Le Cinq Codet
588,La Maison Favart
589,Le Pradey
590,Threadneedles Autograph Collection
591,Sanderson A Morgans Hotel
592,The Arch London
593,Commodore Hotel
594,Golden Tulip Washington Opera
595,Residence Henri IV
596,Hotel du Collectionneur Arc de Triomphe
597,The Westbourne Hyde Park
598,Hotel Le Mareuil
599,Mercure Paris Champs Elys es
600,Best Western Le 18 Paris
601,The Lodge Hotel Putney
602,Shaftesbury Hyde Park International
603,The Montcalm At Brewery London City
604,H tel Powers
605,Villa Lut ce Port Royal
606,Oceania Paris Porte De Versailles
607,BEST WESTERN Maitrise Hotel Maida Vale
608,Novotel London City South
609,The Dorchester Dorchester Collection
610,Mercure Paris Bastille Marais
611,Hilton London Angel Islington
612,Fifty Four Boutique Hotel
613,Chateau Frontenac
614,H tel Du Jeu De Paume
615,The Sumner Hotel
616,W12 Rooms
617,Renaissance Paris Le Parc Trocadero Hotel
618,Shaftesbury Premier London Paddington
619,Hotel Carlton s Montmartre
620,Hotel Monge
621,Mimi s Hotel Soho
622,Victoires Opera
623,Holiday Inn London Oxford Circus
624,Dorsett Shepherds Bush
625,New Linden Hotel
626,Le Burgundy Paris
627,Hotel Sezz Paris
628,Hotel Montaigne
629,Hotel Royal Elys es
630,Mercure Paris Bercy Biblioth que
631,Hazlitt s
632,Park Plaza London Waterloo
633,citizenM London Shoreditch
634,H tel Balzac
635,Victoria Palace Hotel
636,Hotel Eug ne en Ville
637,Newhotel Roblin
638,Le Relais Montmartre
639,Amarante Beau Manoir
640,Hotel Maison FL
641,Balmoral Champs Elys es
642,The Chess Hotel
643,AC Hotel Paris Porte Maillot by Marriott
644,B Montmartre
645,H tel Regent s Garden
646,Mercure Paris 15 Porte de Versailles
647,Hotel Le Placide Saint Germain Des Pr s
648,Hotel VIU Milan
649,Sofitel London St James
650,Baglioni Hotel London The Leading Hotels of the World
651,DoubleTree by Hilton London Islington
652,Nell Hotel Suites
653,Rydges Kensington Hotel
654,Club Quarters Hotel Lincoln s Inn Fields
655,Novotel Paris Centre Tour Eiffel
656,Best Western Plus 61 Paris Nation Hotel
657,Hotel Monsieur
658,Hotel Saint Dominique
659,Clayton Hotel Chiswick
660,Park Plaza London Park Royal
661,Hotel Malte Astotel
662,Best Western Palm Hotel
663,InterContinental Paris Avenue Marceau
664,Mercure Tour Eiffel Grenelle
665,Mercure Paris Bastille Saint Antoine
666,Boutique H tel Konfidentiel
667,The Piccadilly London West End
668,R Kipling by Happyculture
669,Hotel Des Saints Peres Esprit de France
670,Best Western Hotel Montmartre Sacr Coeur
671,Kingsway Hall Hotel
672,Mandarin Oriental Hyde Park London
673,H tel Jos phine by Happyculture
674,Radisson Blu Edwardian Vanderbilt
675,Hotel Le Chat Noir
676,Hotel Cafe Royal
677,Mercure Vaugirard Paris Porte De Versailles
678,Grange Rochester Hotel
679,Gainsborough Hotel
680,H tel Bel Ami
681,St James Hotel Club Mayfair
682,Apex London Wall Hotel
683,Seraphine Kensington Gardens Hotel
684,Hotel de Nell
685,9Hotel Republique
686,Goralska R sidences H tel Paris Bastille
687,Club Quarters Hotel Gracechurch
688,Grange Blooms Hotel
689,DoubleTree by Hilton Hotel London Tower of London
690,H tel Baume
691,Hotel West End
692,Arioso
693,H tel Lancaster Paris Champs Elys es
694,Melia Paris Notre Dame
695,Hotel Mademoiselle
696,Hotel Les Bains Paris
697,Hotel Ares Eiffel
698,Francois 1er
699,H tel Montmartre Mon Amour
700,Hotel Monceau Wagram
701,Novotel London Excel
702,Paris Marriott Champs Elysees Hotel
703,Mercure London Bridge
704,H tel Exquis by Elegancia
705,Grange Wellington Hotel
706,Les Jardins Du Marais
707,Hotel Cavendish
708,Park Grand London Hyde Park
709,Shaftesbury Metropolis London Hyde Park
710,Radisson Blu Champs Elys es Paris
711,Hotel Eiffel Blomet
712,Holiday Inn Paris Gare Montparnasse
713,H tel Thoumieux
714,The Exhibitionist Hotel
715,Auteuil Tour Eiffel
716,Ten Manchester Street Hotel
717,Mercure London Hyde Park
718,London Bridge Hotel
719,Derby Alma
720,The Beaumont Hotel
721,Mercure Paris Gobelins Place d Italie
722,H tel Original Paris
723,The Grand at Trafalgar Square
724,Club Quarters Hotel Trafalgar Square
725,The Laslett
726,Novotel Paris Les Halles
727,Melia Paris Vendome
728,Chambiges Elys es
729,MARQUIS Faubourg St Honor Relais Ch teaux
730,H tel Le Bellechasse Saint Germain
731,Hotel Verneuil Saint Germain
732,Hotel Daniel Paris
733,Residence Du Roy
734,La Maison Champs Elys es
735,H tel Arvor Saint Georges
736,The Belgrave Hotel
737,TheWesley
738,Le M ridien Etoile
739,The Hoxton Shoreditch
740,The Cavendish London
741,Avo Hotel
742,Hotel 82 London
743,La Clef Tour Eiffel
744,Best Western Plus Seraphine Hammersmith Hotel
745,La Chambre du Marais
746,Novotel Paris Centre Bercy
747,The Zetter Hotel
748,Grosvenor House Suites by Jumeirah Living
749,Hotel OFF Paris Seine
750,Snob Hotel by Elegancia
751,Sofitel Paris Baltimore Tour Eiffel
752,88 Studios
753,Adria Boutique Hotel
754,Best Western Premier Faubourg 88
755,Hotel De Vigny
756,Sydney House Chelsea
757,Radisson Blu Edwardian Bloomsbury Street
758,H tel Le Relais Saint Germain
759,Hotel Moonlight
760,Villa Alessandra
761,Ibis Styles Paris Gare Saint Lazare
762,Golden Tulip Opera de Noailles
763,Best Western Premier Op ra Li ge
764,H tel Cristal Champs Elys es
765,Best Western Le Jardin de Cluny
766,Le Pigalle Hotel
767,Relais H tel du Vieux Paris
768,Victoire Germain
769,Le Littr 
770,Hotel Le Sainte Beuve
771,Hotel Villa Saxe Eiffel
772,Thistle Hyde Park
773,Holiday Inn Paris Saint Germain des Pr s
774,Hotel Spa La Belle Juliette
775,Rochester Champs Elysees
776,DoubleTree by Hilton London West End
777,Hotel d Orsay Esprit de France
778,Mercure Paris Opera Louvre
779,La Villa des Ternes
780,Holiday Inn London Kensington Forum
781,Radisson Blu Edwardian Kenilworth
782,H tel Monna Lisa Champs Elys es
783,H tel Waldorf Trocad ro
784,Best Western Amiral Hotel
785,Hotel Les Th tres
786,Mercure Paris 17 me Saint Lazare Monceau
787,Melia White House Hotel
788,Sir Albert Hotel
789,The Waldorf Hilton
790,Corendon Vitality Hotel Amsterdam
791,Hotel Bellevue Wien
792,Maison Borella
793,Hotel Am Konzerthaus Vienna MGallery by Sofitel
794,Park Hyatt Vienna
795,Hilton Vienna
796,Catalonia Port
797,Hampshire Hotel Rembrandt Square Amsterdam
798,Eurostars Angli
799,Pillows Anna van den Vondel Amsterdam
800,Schlosshotel R mischer Kaiser
801,Hotel Mailberger Hof
802,Best Western Delphi Hotel
803,Apollofirst Boutique Hotel
804,Hilton Amsterdam
805,Apollo Hotel Amsterdam
806,Catalonia Catedral
807,Element Amsterdam
808,Axel Hotel Barcelona Urban Spa Adults Only
809,Cram
810,Urban Lodge Hotel
811,Novotel Wien City
812,The Levante Parliament A Design Hotel
813,Room Mate Gerard
814,H10 Marina Barcelona
815,Barcelona Princess
816,Novotel Barcelona City
817,The Gates Diagonal Barcelona
818,AC Hotel Diagonal L Illa a Marriott Lifestyle Hotel
819,Wilson Boutique Hotel
820,NH Hesperia Barcelona Presidente
821,Hilton Barcelona
822,Vincci Mae
823,Fairmont Rey Juan Carlos I
824,Pullman Barcelona Skipper
825,Hotel Ciutadella Barcelona
826,Catalonia Atenas
827,Tryp Barcelona Apolo Hotel
828,Sansi Pedralbes
829,Crowne Plaza Barcelona Fira Center
830,Gran Hotel Torre Catalunya
831,H10 Itaca
832,Hotel Abbot
833,Sercotel Amister Art Hotel Barcelona
834,Melia Barcelona Sarri 
835,ABaC Restaurant Hotel Barcelona GL Monumento
836,Col n Hotel Barcelona
837,Hotel SB Icaria Barcelona
838,Hotel Barcelona Universal
839,Aparthotel Arai 4 Superior
840,NH Collection Barcelona Podium
841,Hotel Ronda Lesseps
842,Hotel Barcelona Center
843,Olivia Balmes Hotel
844,Catalonia Diagonal Centro
845,The Capital
846,Vienna Sporthotel
847,Megaro Hotel
848,Hotel De Hallen
849,AC Hotel Victoria Suites a Marriott Lifestyle Hotel
850,Catalonia Plaza Catalunya
851,Hotel Regina
852,Hotel Pulitzer
853,Hotel Alimara
854,Thistle Holborn The Kingsley
855,Hotel Boltzmann
856,The Westbury A Luxury Collection Hotel Mayfair London
857,Petit Palace Boqueria Garden
858,Mercer House B ria BCN
859,Hotel ViennArt am Museumsquartier
860,Crowne Plaza London Battersea
861,Amba Hotel Marble Arch
862,Taj 51 Buckingham Gate Suites and Residences
863,Hotel Sans Souci Wien
864,Catalonia La Pedrera
865,Ohla Eixample
866,Jumeirah Carlton Tower
867,Hotel Villa Emilia
868,TWO Hotel Barcelona by Axel 4 Sup Adults Only
869,Hotel Best Western PLUS Alfa Aeropuerto
870,AC Hotel Irla a Marriott Lifestyle Hotel
871,Hotel Barcelona Catedral
872,Arenas Atiram Hotels
873,Holiday Inn London Regent s Park
874,Senator Barcelona Spa Hotel
875,Thistle Euston
876,The Connaught
877,Room Mate Anna
878,Gran Hotel La Florida
879,Ayre Hotel Caspe
880,Doubletree By Hilton London Greenwich
881,Chasse Hotel
882,The Chelsea Harbour Hotel
883,Palais Coburg Residenz
884,Zenit Borrell
885,U232 Hotel
886,Eurostars Monumental
887,Pestana Arena Barcelona
888,Grange City Hotel
889,Holiday Inn London Bloomsbury
890,The Mirror Barcelona
891,Worldhotel Cristoforo Colombo
892,IH Hotels Milano Puccini
893,Best Western Hotel City
894,Ch teau Monfort Relais Ch teaux
895,Palazzo Parigi Hotel Grand Spa Milano
896,Hotel Lloyd
897,Hotel Romana Residence
898,Hotel Crivi s
899,Hotel Galileo
900,Carlyle Brera Hotel
901,Boscolo Milano Autograph Collection
902,Mokinba Hotels King
903,Qualys Hotel Nasco
904,Enterprise Hotel Design Boutique
905,Tryp Barcelona Condal Mar Hotel
906,NH Collection Barcelona Constanza
907,NH Collection Amsterdam Grand Hotel Krasnapolsky
908,Park Plaza Victoria Amsterdam
909,Hotel Amsterdam De Roode Leeuw
910,Swiss tel Amsterdam
911,City Rooms
912,Holiday Inn Amsterdam
913,Jaz Amsterdam
914,Best Western Premier Hotel Couture
915,Mercer Hotel Barcelona
916,Mercure Vienna First
917,Melia Barcelona Sky 4 Sup
918,Bilderberg Garden Hotel
919,Ako Suites Hotel
920,Eurostars Cristal Palace
921,HCC St Moritz
922,Petit Palace Museum
923,NH Amsterdam Noord
924,Primero Primera
925,Hotel 4 Barcelona
926,Melia Vienna
927,Graben Hotel
928,Medinaceli
929,Grand Hotel Downtown
930,Amadi Park Hotel
931,Hotel Casa Camper
932,Holiday Inn London Wembley
933,Austria Trend Hotel Lassalle Wien
934,H10 Art Gallery 4 Sup
935,Hotel Granados 83
936,Best Western PLUS Epping Forest
937,NH Hesperia Barcelona del Mar
938,Novotel Amsterdam City
939,St Pancras Renaissance Hotel London
940,DoubleTree By Hilton London Excel
941,The Guesthouse Vienna
942,Hotel Johann Strauss
943,Hotel Mercure Wien Westbahnhof
944,Savoy Hotel Amsterdam
945,Hotel Okura Amsterdam
946,Hotel Eitlj rg
947,Hotel V Fizeaustraat
948,Mercure Wien Zentrum
949,Best Western Premier Kaiserhof Wien
950,FourSide Hotel Suites Vienna
951,Millennium Copthorne Hotels at Chelsea Football Club
952,IH Hotels Milano Ambasciatori
953,Crowne Plaza Amsterdam South
954,Durrants Hotel
955,Mercure Secession Wien
956,Hotel Well and Come
957,City Hotel Deutschmeister
958,Ayre Hotel Gran V a
959,Sunotel Central
960,Silken Gran Hotel Havana
961,Cotton House Hotel Autograph Collection
962,Hotel Vueling Bcn by HC
963,H10 Casanova
964,Avenida Palace
965,Acta Atrium Palace
966,Hotel Indigo Barcelona Plaza Catalunya
967,Catalonia Passeig de Gr cia 4 Sup
968,Hotel Palace GL
969,Grupotel Gran Via 678
970,Hotel Casa Bonay
971,The Cumberland A Guoman Hotel
972,FourSide Hotel Vienna City Center
973,Hotel Vienna
974,London Marriott Hotel Grosvenor Square
975,Rainers Hotel Vienna
976,Pol Grace Hotel
977,Austria Trend Hotel Bosei Wien
978,Pertschy Palais Hotel
979,Alma Boutique Hotel
980,Flemings Mayfair
981,Hilton London Green Park
982,COMO The Halkin
983,Four Seasons Hotel London at Park Lane
984,Hilton Vienna Danube Waterfront
985,Hotel 55
986,The Harmonie Vienna
987,Hotel Park Villa
988,WestCord Fashion Hotel Amsterdam
989,The Hoxton Amsterdam
990,Ambassade Hotel
991,Banks Mansion All Inclusive Hotel
992,Waldorf Astoria Amsterdam
993,Senator Hotel Vienna
994,Hotel J ger
995,Steigenberger Hotel Herrenhof
996,Radisson Blu Style Hotel Vienna
997,Hilton Garden Inn Vienna South
998,Austria Trend Parkhotel Sch nbrunn Wien
999,Club Hotel Cortina
1000,Arion Cityhotel Vienna und Appartements
1001,NH Amsterdam Museum Quarter
1002,Gartenhotel Altmannsdorf Hotel 1
1003,Hilton London Kensington Hotel
1004,Hotel Mercure Wien City
1005,Courtyard by Marriott Amsterdam Arena Atlas
1006,Holiday Inn Amsterdam Arena Towers
1007,The Lanesborough
1008,Amadi Panorama Hotel
1009,Room Mate Aitana
1010,DoubleTree by Hilton London Chelsea
1011,Hotel G tico
1012,Hotel JL No76
1013,Bilderberg Hotel Jan Luyken
1014,Gran Hotel Barcino
1015,Aparthotel Atenea Barcelona
1016,Mercure Hotel Amsterdam City South
1017,Am Spiegeln
1018,Hotel Gallitzinberg
1019,InterContinental Wien
1020,Dutch Design Hotel Artemis
1021,Mercure Josefshof Wien
1022,Fleming s Selection Hotel Wien City
1023,Cordial Theaterhotel Wien
1024,Vincci Bit
1025,Hollmann Beletage Design Boutique
1026,Hotel Bristol A Luxury Collection Hotel
1027,Hotel Imperial A Luxury Collection Hotel
1028,The Ring Vienna s Casual Luxury Hotel
1029,Grand Hotel Wien
1030,Hotel Ambassador
1031,Austria Trend Hotel Astoria Wien
1032,Austria Trend Hotel Europa Wien
1033,Hotel Schani Wien
1034,Ozo Hotel
1035,Renaissance Amsterdam Hotel
1036,Canal House
1037,The Toren
1038,The Dylan Amsterdam
1039,Great Northern Hotel A Tribute Portfolio Hotel London
1040,De Vere Devonport House
1041,K K Hotel Maria Theresia
1042,Small Luxury Hotel Altstadt Vienna
1043,Der Wilhelmshof
1044,Park Plaza Vondelpark Amsterdam
1045,Hotel Bagu s
1046,Hotel 1898
1047,Hotel Serhs Rivoli Rambla
1048,Eurostars Ramblas
1049,Hilton London Wembley
1050,Corus Hotel Hyde Park
1051,London Elizabeth Hotel
1052,Lancaster London
1053,Hotel Daniel Vienna
1054,Eurostars Embassy
1055,BEST WESTERN PLUS Amedia Wien
1056,Mercure Grand Hotel Biedermeier Wien
1057,Hotel Rathaus Wein Design
1058,NH Collection Milano President
1059,Hotel Dieci
1060,Royal Ramblas
1061,Best Western Blue Tower Hotel
1062,Hampshire Hotel Amsterdam American
1063,Ilunion Bel Art
1064,25hours Hotel beim MuseumsQuartier
1065,Hotel Topazz
1066,Hampshire Hotel The Manor Amsterdam
1067,Hotel Kavalier
1068,Ofelias Hotel 4 Sup
1069,Vincci Maritimo
1070,London Marriott Hotel County Hall
1071,The Level at Melia Barcelona Sky
1072,Eurohotel Diagonal Port
1073,Hotel Derby
1074,Hotel Gran Derby Suites
1075,Jumeirah Lowndes Hotel
1076,Catalonia Magdalenes
1077,Expo Hotel Barcelona
1078,The Corner Hotel
1079,Best Western Premier Hotel Dante
1080,Hotel Balmes
1081,Alexandra Barcelona A DoubleTree by Hilton
1082,Alma Barcelona GL
1083,Room Mate Carla
1084,The Mandeville Hotel
1085,Hallmark Hotel London Chigwell Prince Regent
1086,Upper Diagonal
1087,Falkensteiner Hotel Wien Margareten
1088,Holiday Inn Vienna City
1089,pentahotel Vienna
1090,IntercityHotel Wien
1091,Boutiquehotel Das Tyrol
1092,NH Wien City
1093,Hotel Corvinus
1094,NH Collection Wien Zentrum
1095,Aparthotel Mariano Cubi Barcelona
1096,Hotel Arts Barcelona
1097,Leonardo Hotel Vienna
1098,JUFA Hotel Wien
1099,Golden Tulip Amsterdam West
1100,Eurostars Grand Marina Hotel GL
1101,Pakat Suites Hotel
1102,Guitart Grand Passage
1103,Hotel Rekord
1104,Catalonia Barcelona 505
1105,Mercure Amsterdam Sloterdijk Station
1106,DoubleTree by Hilton Hotel Amsterdam NDSM Wharf
1107,Hotel V Nesplein
1108,Fleming s Conference Hotel Wien
1109,ARCOTEL Wimberger
1110,Hotel Schild
1111,Acta CITY47
1112,De L Europe Amsterdam
1113,NH Collection Amsterdam Doelen
1114,Hotel Die Port van Cleve
1115,INK Hotel Amsterdam MGallery by Sofitel
1116,Inntel Hotels Amsterdam Centre
1117,Apex City Of London Hotel
1118,Mercure Hotel Amsterdam Centre Canal District
1119,Onix Liceo
1120,Abba Sants
1121,NH Sants Barcelona
1122,COMO Metropolitan London
1123,Aloft London Excel
1124,Ham Yard Hotel
1125,DoubleTree by Hilton Amsterdam Centraal Station
1126,Das Opernring Hotel
1127,Exe Vienna
1128,Mercure Hotel Amsterdam West
1129,Luxury Suites Amsterdam
1130,Sofitel Legend The Grand Amsterdam
1131,Sir Adam Hotel
1132,Hotel Grums Barcelona
1133,Hotel Spa Villa Olimpica Suites
1134,Sall s Hotel Pere IV
1135,Hampton by Hilton Amsterdam Centre East
1136,Hotel Beethoven Wien
1137,Roomz Vienna
1138,Silken Concordia
1139,Grosvenor House A JW Marriott Hotel
1140,Hotel Am Parkring
1141,Vienna Marriott Hotel
1142,H10 Port Vell 4 Sup
1143,Hotel Margot House
1144,Condes de Barcelona
1145,Monument Hotel
1146,Occidental Atenea Mar Adults Only
1147,Hotel Front Maritim
1148,AC Hotel Barcelona Forum a Marriott Lifestyle Hotel
1149,Duquesa de Cardona
1150,Hotel The Serras
1151,Eurostars Bcn Design
1152,Mandarin Oriental Barcelona
1153,Hotel Casa Fuster G L Monumento
1154,Sixtytwo Hotel
1155,Majestic Hotel Spa Barcelona GL
1156,Royal Passeig de Gracia
1157,K K Hotel Picasso
1158,AC Hotel Sants a Marriott Lifestyle Hotel
1159,Hilton Diagonal Mar Barcelona
1160,Hotel Palais Strudlhof
1161,Renaissance Barcelona Hotel
1162,Claris Hotel Spa GL
1163,H10 Casa Mimosa 4 Sup
1164,Catalonia Ramblas 4 Sup
1165,Hotel Midmost
1166,Arthotel ANA Westbahn
1167,The Rookery
1168,Hotel Wandl
1169,Hotel Sacher Wien
1170,ME Milan Il Duca
1171,Hotel Principe Di Savoia
1172,The Westin Palace
1173,Glam Milano
1174,Excelsior Hotel Gallia Luxury Collection Hotel
1175,Rosa Grand Milano Starhotels Collezione
1176,TownHouse 12
1177,Hotel Mozart
1178,Hotel Dei Cavalieri
1179,Best Western Plus Hotel Galles
1180,Starhotels Anderson
1181,Hotel Michelangelo
1182,Hotel Mercure Milano Centro
1183,NYX Milan
1184,The Yard Milano
1185,Hotel Sunflower
1186,Sheraton Grand London Park Lane
1187,M venpick Hotel Amsterdam City Centre
1188,Silken Ramblas
1189,Duquesa Suites Barcelona
1190,Hotel SB Diagonal Zero Barcelona 4 Sup
1191,Hotel DO Pla a Reial G L 
1192,W Barcelona
1193,H10 Urquinaona Plaza
1194,Hotel du Louvre in the Unbound Collection by Hyatt
1195,W Paris Op ra
1196,Hotel Miramar Barcelona GL
1197,Olivia Plaza Hotel
1198,Catalonia Barcelona Plaza
1199,Barcel Sants
1200,London Marriott Maida Vale
1201,The Langham London
1202,The Ned
1203,Sofitel Vienna Stephansdom
1204,Grand Hotel Amr th Amsterdam
1205,art otel Amsterdam
1206,NH Collection Amsterdam Barbizon Palace
1207,Pulitzer Amsterdam
1208,Dikker en Thijs Fenice Hotel
1209,Andaz Amsterdam Prinsengracht A Hyatt Hotel
1210,Hotel Seven One Seven
1211,citizenM Amsterdam
1212,InterContinental Amstel Amsterdam
1213,Attica 21 Barcelona Mar
1214,Hotel America Barcelona
1215,Golden Tulip Amsterdam Riverside
1216,Catalonia Park Putxet
1217,Hotel Murmuri Barcelona
1218,NH Collection Barcelona Gran Hotel Calder n
1219,H10 Metropolitan 4 Sup
1220,HCC Regente
1221,Barcel Raval
1222,Le M ridien Barcelona
1223,Ilunion Barcelona
1224,Austria Trend Hotel Rathauspark Wien
1225,Hotel Landhaus Fuhrgassl Huber
1226,Hotel Parco di Sch nbrunn Vienna
1227,Catalonia Born
1228,NH Amsterdam Caransa
1229,NH Amsterdam Schiller
1230,Royal Amsterdam Hotel
1231,Lindner Hotel Am Belvedere
1232,NH Wien Belvedere
1233,Austria Trend Hotel Savoyen Vienna
1234,Austria Trend Hotel Doppio Wien
1235,K West Hotel Spa
1236,Appartement Hotel an der Riemergasse
1237,Saint SHERMIN bed breakfast champagne
1238,The Wittmore Adults Only
1239,Le Meridien Vienna
1240,The College Hotel
1241,Hotel Roemer Amsterdam
1242,Hotel mbit Barcelona
1243,Catalonia Eixample 1864
1244,Negresco Princess 4 Sup
1245,Petit Palace Barcelona
1246,Roger de Ll ria
1247,Hotel Garbi Millenni
1248,Vincci Gala
1249,Catalonia Square 4 Sup
1250,H10 Universitat
1251,Bcn Urban Hotels Gran Rosellon
1252,Gallery Hotel
1253,Hotel Omm
1254,Ayre Hotel Rosell n
1255,Evenia Rossello
1256,Hotel Imlauer Wien
1257,Hotel Nestroy Wien
1258,Hotel Lam e
1259,Crowne Plaza London Docklands
1260,K K Palais Hotel
1261,Radisson Blu Hotel Amsterdam
1262,Catalonia Rigoletto
1263,Hotel Neri
1264,Capri by Fraser Barcelona
1265,Hotel Espa a Ramblas
1266,Abba Garden
1267,Zenit Barcelona
1268,Hyatt Regency Amsterdam
1269,Austria Trend Hotel Schloss Wilhelminenberg Wien
1270,Copthorne Tara Hotel London Kensington
1271,Courtyard by Marriott Vienna Schoenbrunn
1272,Arthotel ANA Prime
1273,Fletcher Hotel Amsterdam
1274,Austria Trend Hotel Park Royal Palace Vienna
1275,Falkensteiner Hotel Wien Zentrum Schottenfeld
1276,Hilton Vienna Plaza
1277,Palais Hansen Kempinski Vienna
1278,Hotel de France Wien
1279,Grand Ferdinand Vienna Your Hotel In The City Center
1280,Hotel Am Schubertring
1281,The Ritz Carlton Vienna
1282,Hotel K nig von Ungarn
1283,Hotel Domizil
1284,Hotel Capricorno
1285,Hotel Advance
1286,Derag Livinghotel Kaiser Franz Joseph Vienna
1287,Room Mate Giulia
1288,Simm s Hotel
1289,Hotel Esther a
1290,Hotel Royal
1291,Sloane Square Hotel
1292,Best Western Plus Hotel Blue Square
1293,Austria Trend Hotel Ananas Wien
1294,Hotel Zeitgeist Vienna Hauptbahnhof
1295,AZIMUT Hotel Vienna
1296,Hilton London Canary Wharf
1297,Grange Holborn Hotel
1298,WestCord Art Hotel Amsterdam 4 stars
1299,W Amsterdam
1300,NH City Centre Amsterdam
1301,The Stafford London
1302,The Tower A Guoman Hotel
1303,Ramada Apollo Amsterdam Centre
1304,Amsterdam Marriott Hotel
1305,Park Hotel
1306,NH Amsterdam Centre
1307,DO CO Hotel Vienna
1308,Hotel Am Stephansplatz
1309,The Savoy
1310,The May Fair Hotel
1311,Best Western Hotel Pension Arenberg Wien Zentrum
1312,Hotel Stefanie
1313,Hotel City Central
1314,Amba Hotel Charing Cross
1315,Hotel Das Tigra
1316,Holiday Inn London Brent Cross
1317,Bermondsey Square Hotel A Bespoke Hotel
1318,Courtyard by Marriott Vienna Prater Messe
1319,NH Barcelona Stadium
1320,Imperial Riding School Renaissance Vienna Hotel
1321,Aparthotel Adagio Vienna City
1322,Mercure Barcelona Condor
1323,H10 Cubik 4 Sup
1324,Sunotel Club Central
1325,Conservatorium Hotel
1326,NH Amsterdam Zuid
1327,Hotel Tocq
1328,The Square Milano Duomo
1329,Mandarin Oriental Milan
1330,Art Hotel Navigli
1331,Hotel Balmoral
1332,Brunelleschi Hotel
1333,Camperio House Suites Apartments
1334,TownHouse 33
1335,Hotel Capitol Milano
1336,Hotel Clerici
1337,UNA Hotel Cusani
1338,Hotel Pierre Milano
1339,MiHotel
1340,Hotel Milano Scala
1341,IH Hotels Milano Gioia
1342,Style Hotel
1343,Andreola Central Hotel
1344,Hotel Bristol
1345,Admiral Hotel
1346,UNA Hotel Century
1347,Hotel Marconi
1348,Hotel Cavour
1349,Best Western Plus Hotel Felice Casati
1350,Nu Hotel
1351,Hotel Magna Pars Small Luxury Hotels of the World
1352,Mercure Milano Regency
1353,Hotel Auriga
1354,Hotel Portello Gruppo Minihotel
1355,Idea Hotel Milano San Siro
1356,Windsor Hotel Milano
1357,Four Points Sheraton Milan Center
1358,Four Seasons Hotel Milano
1359,IH Hotels Milano Watt 13
1360,LaGare Hotel Milano Centrale MGallery by Sofitel
1361,Barcel Milan
1362,UNA Hotel Scandinavia
1363,Acca Palace
1364,Sina De La Ville
1365,UNA Hotel Mediterraneo
1366,Hotel La Spezia Gruppo MiniHotel
1367,Exe Laietana Palace
1368,Grand Hotel Central
1369,Ilunion Almirante
1370,Ohla Barcelona
1371,Barcelona Hotel Colonial
1372,NH Milano Machiavelli
1373,Hotel Sanpi Milano
1374,Best Western Hotel Ascot
1375,Ca Bianca Hotel Corte Del Naviglio
1376,IH Hotels Milano Lorenteggio
1377,Hilton Garden Inn Milan North
1378,DoubleTree By Hilton Milan
1379,Hilton Milan
1380,Hotel Wagner
1381,Hotel Boutique Duomo
1382,Hotel Manin
1383,Grand Hotel et de Milan
1384,Armani Hotel Milano
1385,Meli Milano
1386,Hotel Mediolanum
1387,UNA Maison Milano
1388,Novotel Milano Linate Aeroporto
1389,Hotel Carrobbio
1390,NH Milano Grand Hotel Verdi
1391,Crowne Plaza Milan City
1392,Leonardo Hotel Milan City Center
1393,Petit Palais Hotel De Charme
1394,Mokinba Hotels Montebianco
1395,Hotel Mentana
1396,Atahotel Contessa Jolanda
1397,Hotel Berna
1398,Best Western Atlantic Hotel
1399,LHP Hotel Napoleon
1400,Ibis Styles Milano Palmanova
1401,Mokinba Hotels Baviera
1402,Hotel Vittoria
1403,Starhotels Business Palace
1404,Hotel Mercure Milano Solari
1405,ADI Hotel Poliziano Fiera
1406,Bulgari Hotel Milano
1407,Best Western Madison Hotel
1408,The Hub Hotel
1409,Hotel Silver
1410,Colombia
1411,Antares Hotel Rubens
1412,STRAF a Member of Design Hotels 
1413,Sina The Gray
1414,Antica Locanda Dei Mercanti
1415,Palazzo Segreti
1416,Hotel Santa Marta Suites
1417,TH Street Duomo
1418,Uptown Palace
1419,Hotel Manzoni
1420,Senato Hotel Milano
1421,Baglioni Hotel Carlton The Leading Hotels of the World
1422,Hotel Da Vinci
1423,TownHouse Duomo
1424,TownHouse Galleria
1425,Hotel Spadari Al Duomo
1426,Starhotels Ritz
1427,Ramada Plaza Milano
1428,NH Milano Touring
1429,AC Hotel Milano a Marriott Lifestyle Hotel
1430,Hotel Tiziano Park Vita Parcour Gruppo MiniHotels
1431,Park Hyatt Milano
1432,Nhow Milan
1433,Holiday Inn Milan Garibaldi Station
1434,Milan Suite Hotel
1435,Klima Hotel Milano Fiere
1436,Radisson Blu Hotel Milan
1437,Milan Marriott Hotel
1438,ADI Doria Grand Hotel
1439,Starhotels Echo
1440,Bianca Maria Palace Hotel
1441,Hotel D Este
1442,Hotel Liberty
1443,Best Western Hotel Mirage
1444,Hotel Raffaello
1445,Antares Hotel Accademia
1446,Starhotels Tourist
1447,Grand Visconti Palace
1448,Best Western Hotel Major
1449,Hotel Lombardia
1450,NH Milano Palazzo Moscova
1451,Best Western Antares Hotel Concorde
1452,Atahotel Linea Uno
1453,Best Western Hotel Astoria
1454,Sheraton Diana Majestic
1455,Hotel degli Arcimboldi
1456,Novotel Milano Nord Ca Granda
1457,Best Western Hotel St George
1458,NH Carlton Amsterdam
1459,Albus Hotel Amsterdam City Centre
1460,Hotel Vilamar 
1461,Vilana Hotel
1462,Acevi Villarroel
1463,Hotel Arkadenhof
1464,Hotel Vondel Amsterdam
1465,Hotel Pension Baron am Schottentor
1466,Hotel Atlanta
1467,Park Inn by Radisson Uno City Vienna
1468,NH Danube City
1469,Strandhotel Alte Donau
1470,ARCOTEL Kaiserwasser Superior
1471,Mercure Hotel Raphael Wien
1472,Arthotel ANA Boutique Six
1473,Austria Trend Hotel Anatol Wien
1474,Hotel Kaiserin Elisabeth
1475,Boutique Hotel Notting Hill
1476,Crowne Plaza London Ealing
1477,Good Hotel London
1478,Park Plaza Westminster Bridge London
1479,Hotel du Vin Cannizaro House Wimbledon
1480,Amsterdam Canal Residence
1481,Thistle Trafalgar Square The Royal Trafalgar
1482,Corinthia Hotel London
1483,The Student Hotel Amsterdam City
1484,Hotel Prinz Eugen
1485,Hotel Erzherzog Rainer
1486,Das Triest Hotel
1487,Suite Hotel 900 m zur Oper
1488,Hotel Amadeus
1489,The Berkeley
1490,Holiday Inn London Kensington
1491,Atlantis Hotel Vienna
